repetition,traffic,packet_count,total_bytes,avg_packet_size,min_packet_size,max_packet_size,capture_duration_seconds,udp_packet_count,udp_500_count,ike_packet_count,esp_packet_count,create_child_sa_count,informational_count,ike_request_count,ike_response_count,ike_bytes,ike_avg_packet_size,esp_bytes,esp_avg_packet_size,encryption,hash,dh_group,pfs_group
1,ICMP,46,8612,187.217,122,506,30.053995,6,6,6,40,0,2,3,3,1812,302.0,6800,170.0,AES128,SHA256,DH14,NOPFS
2,ICMP,46,8612,187.217,122,506,47.098518,6,6,6,40,0,2,3,3,1812,302.0,6800,170.0,AES128,SHA256,DH14,NOPFS
3,ICMP,46,8612,187.217,122,506,37.761573,6,6,6,40,0,2,3,3,1812,302.0,6800,170.0,AES128,SHA256,DH14,NOPFS
4,ICMP,46,8612,187.217,122,506,44.874422,6,6,6,40,0,2,3,3,1812,302.0,6800,170.0,AES128,SHA256,DH14,NOPFS
1,TCP,249,35858,144.008,138,506,3.725234,4,4,4,245,0,0,2,2,1568,392.0,34290,139.959,AES128,SHA256,DH14,NOPFS
2,TCP,252,36304,144.063,138,506,3.920288,4,4,4,248,0,0,2,2,1568,392.0,34736,140.065,AES128,SHA256,DH14,NOPFS
3,TCP,247,35582,144.057,138,506,3.981011,4,4,4,243,0,0,2,2,1568,392.0,34014,139.975,AES128,SHA256,DH14,NOPFS
4,TCP,250,35996,143.984,138,506,3.932954,4,4,4,246,0,0,2,2,1568,392.0,34428,139.951,AES128,SHA256,DH14,NOPFS
2,ICMP,50,9900,198.0,122,522,48.85473,10,10,10,40,2,4,5,5,3100,310.0,6800,170.0,AES128,SHA256,DH14,PFS14
3,ICMP,50,9900,198.0,122,522,36.415865,10,10,10,40,2,4,5,5,3100,310.0,6800,170.0,AES128,SHA256,DH14,PFS14
4,ICMP,50,9900,198.0,122,522,48.048643,10,10,10,40,2,4,5,5,3100,310.0,6800,170.0,AES128,SHA256,DH14,PFS14
1,TCP,255,37454,146.878,122,522,8.700828,8,8,8,247,2,2,4,4,2856,357.0,34598,140.073,AES128,SHA256,DH14,PFS14
2,TCP,257,37714,146.747,122,522,8.838116,8,8,8,249,2,2,4,4,2856,357.0,34858,139.992,AES128,SHA256,DH14,PFS14
3,TCP,248,36456,147.0,122,522,8.23609,8,8,8,240,2,2,4,4,2856,357.0,33600,140.0,AES128,SHA256,DH14,PFS14
4,TCP,254,37284,146.787,122,522,8.727174,8,8,8,246,2,2,4,4,2856,357.0,34428,139.951,AES128,SHA256,DH14,PFS14
1,ICMP,50,10156,203.12,122,650,34.437966,10,10,10,40,2,4,5,5,3356,335.6,6800,170.0,AES128,SHA256,DH14,PFS15
2,ICMP,50,10156,203.12,122,650,46.161689,10,10,10,40,2,4,5,5,3356,335.6,6800,170.0,AES128,SHA256,DH14,PFS15
3,ICMP,50,10156,203.12,122,650,36.890961,10,10,10,40,2,4,5,5,3356,335.6,6800,170.0,AES128,SHA256,DH14,PFS15
4,ICMP,50,10156,203.12,122,650,31.067736,10,10,10,40,2,4,5,5,3356,335.6,6800,170.0,AES128,SHA256,DH14,PFS15
2,ICMP,46,8868,192.783,122,634,33.884736,6,6,6,40,0,2,3,3,2068,344.667,6800,170.0,AES128,SHA256,DH15,NOPFS
3,ICMP,46,8868,192.783,122,634,47.097369,6,6,6,40,0,2,3,3,2068,344.667,6800,170.0,AES128,SHA256,DH15,NOPFS
4,ICMP,46,8868,192.783,122,634,45.309936,6,6,6,40,0,2,3,3,2068,344.667,6800,170.0,AES128,SHA256,DH15,NOPFS
1,ICMP,50,10156,203.12,122,634,46.284065,10,10,10,40,2,4,5,5,3356,335.6,6800,170.0,AES128,SHA256,DH15,PFS14
2,ICMP,50,10156,203.12,122,634,45.663364,10,10,10,40,2,4,5,5,3356,335.6,6800,170.0,AES128,SHA256,DH15,PFS14
3,ICMP,50,10156,203.12,122,634,50.487422,10,10,10,40,2,4,5,5,3356,335.6,6800,170.0,AES128,SHA256,DH15,PFS14
4,ICMP,50,10156,203.12,122,634,55.217143,10,10,10,40,2,4,5,5,3356,335.6,6800,170.0,AES128,SHA256,DH15,PFS14
1,ICMP,50,10412,208.24,122,650,42.503459,10,10,10,40,2,4,5,5,3612,361.2,6800,170.0,AES128,SHA256,DH15,PFS15
2,ICMP,50,10412,208.24,122,650,44.8975,10,10,10,40,2,4,5,5,3612,361.2,6800,170.0,AES128,SHA256,DH15,PFS15
3,ICMP,50,10412,208.24,122,650,42.294122,10,10,10,40,2,4,5,5,3612,361.2,6800,170.0,AES128,SHA256,DH15,PFS15
4,ICMP,50,10412,208.24,122,650,49.100082,10,10,10,40,2,4,5,5,3612,361.2,6800,170.0,AES128,SHA256,DH15,PFS15
1,TCP,262,38964,148.718,122,650,8.980677,8,8,8,254,2,2,4,4,3368,421.0,35596,140.142,AES128,SHA256,DH15,PFS15
2,TCP,256,38072,148.719,122,650,9.151547,8,8,8,248,2,2,4,4,3368,421.0,34704,139.935,AES128,SHA256,DH15,PFS15
3,TCP,261,38778,148.575,122,650,9.227998,8,8,8,253,2,2,4,4,3368,421.0,35410,139.96,AES128,SHA256,DH15,PFS15
4,TCP,253,37674,148.909,122,650,8.446157,8,8,8,245,2,2,4,4,3368,421.0,34306,140.024,AES128,SHA256,DH15,PFS15
1,ICMP,46,8996,195.565,130,506,37.553798,6,6,6,40,0,2,3,3,1876,312.667,7120,178.0,AES128,SHA384,DH14,NOPFS
2,ICMP,46,8996,195.565,130,506,37.628101,6,6,6,40,0,2,3,3,1876,312.667,7120,178.0,AES128,SHA384,DH14,NOPFS
3,ICMP,46,8996,195.565,130,506,49.858666,6,6,6,40,0,2,3,3,1876,312.667,7120,178.0,AES128,SHA384,DH14,NOPFS
4,ICMP,46,8996,195.565,130,506,30.23862,6,6,6,40,0,2,3,3,1876,312.667,7120,178.0,AES128,SHA384,DH14,NOPFS
1,ICMP,50,10316,206.32,130,530,32.246845,10,10,10,40,2,4,5,5,3196,319.6,7120,178.0,AES128,SHA384,DH14,PFS14
2,ICMP,50,10316,206.32,130,530,32.274582,10,10,10,40,2,4,5,5,3196,319.6,7120,178.0,AES128,SHA384,DH14,PFS14
3,ICMP,50,10316,206.32,130,530,34.269335,10,10,10,40,2,4,5,5,3196,319.6,7120,178.0,AES128,SHA384,DH14,PFS14
4,ICMP,50,10316,206.32,130,530,35.819399,10,10,10,40,2,4,5,5,3196,319.6,7120,178.0,AES128,SHA384,DH14,PFS14
1,ICMP,50,10572,211.44,130,658,39.609019,10,10,10,40,2,4,5,5,3452,345.2,7120,178.0,AES128,SHA384,DH14,PFS15
2,ICMP,50,10572,211.44,130,658,32.002862,10,10,10,40,2,4,5,5,3452,345.2,7120,178.0,AES128,SHA384,DH14,PFS15
3,ICMP,50,10572,211.44,130,658,38.551333,10,10,10,40,2,4,5,5,3452,345.2,7120,178.0,AES128,SHA384,DH14,PFS15
4,ICMP,50,10572,211.44,130,658,36.993895,10,10,10,40,2,4,5,5,3452,345.2,7120,178.0,AES128,SHA384,DH14,PFS15
1,ICMP,46,9252,201.13,130,634,30.177204,6,6,6,40,0,2,3,3,2132,355.333,7120,178.0,AES128,SHA384,DH15,NOPFS
2,ICMP,46,9252,201.13,130,634,44.692109,6,6,6,40,0,2,3,3,2132,355.333,7120,178.0,AES128,SHA384,DH15,NOPFS
3,ICMP,46,9252,201.13,130,634,46.423778,6,6,6,40,0,2,3,3,2132,355.333,7120,178.0,AES128,SHA384,DH15,NOPFS
4,ICMP,46,9252,201.13,130,634,38.062746,6,6,6,40,0,2,3,3,2132,355.333,7120,178.0,AES128,SHA384,DH15,NOPFS
1,ICMP,50,10572,211.44,130,634,35.894085,10,10,10,40,2,4,5,5,3452,345.2,7120,178.0,AES128,SHA384,DH15,PFS14
3,ICMP,50,10572,211.44,130,634,51.946414,10,10,10,40,2,4,5,5,3452,345.2,7120,178.0,AES128,SHA384,DH15,PFS14
4,ICMP,52,10832,208.308,130,634,67.915651,12,12,12,40,2,6,6,6,3712,309.333,7120,178.0,AES128,SHA384,DH15,PFS14
1,ICMP,50,10828,216.56,130,658,49.451778,10,10,10,40,2,4,5,5,3708,370.8,7120,178.0,AES128,SHA384,DH15,PFS15
2,ICMP,50,10828,216.56,130,658,45.247837,10,10,10,40,2,4,5,5,3708,370.8,7120,178.0,AES128,SHA384,DH15,PFS15
3,ICMP,48,10568,220.167,130,658,24.766532,8,8,8,40,2,2,4,4,3448,431.0,7120,178.0,AES128,SHA384,DH15,PFS15
4,ICMP,50,10828,216.56,130,658,52.10934,10,10,10,40,2,4,5,5,3708,370.8,7120,178.0,AES128,SHA384,DH15,PFS15
1,ICMP,46,8612,187.217,122,506,41.290989,6,6,6,40,0,2,3,3,1812,302.0,6800,170.0,AES256,SHA256,DH14,NOPFS
2,ICMP,46,8612,187.217,122,506,40.752941,6,6,6,40,0,2,3,3,1812,302.0,6800,170.0,AES256,SHA256,DH14,NOPFS
3,ICMP,46,8612,187.217,122,506,37.161189,6,6,6,40,0,2,3,3,1812,302.0,6800,170.0,AES256,SHA256,DH14,NOPFS
4,ICMP,46,8612,187.217,122,506,38.549603,6,6,6,40,0,2,3,3,1812,302.0,6800,170.0,AES256,SHA256,DH14,NOPFS
1,TCP,260,37408,143.877,138,506,4.014194,4,4,4,256,0,0,2,2,1568,392.0,35840,140.0,AES256,SHA256,DH14,NOPFS
2,TCP,265,38146,143.947,138,506,4.355639,4,4,4,261,0,0,2,2,1568,392.0,36578,140.146,AES256,SHA256,DH14,NOPFS
3,TCP,267,38342,143.603,138,506,3.932569,4,4,4,263,0,0,2,2,1568,392.0,36774,139.825,AES256,SHA256,DH14,NOPFS
4,TCP,259,37286,143.961,138,506,4.142022,4,4,4,255,0,0,2,2,1568,392.0,35718,140.071,AES256,SHA256,DH14,NOPFS
1,ICMP,50,9900,198.0,122,522,46.102839,10,10,10,40,2,4,5,5,3100,310.0,6800,170.0,AES256,SHA256,DH14,PFS14
2,ICMP,50,9900,198.0,122,522,44.880203,10,10,10,40,2,4,5,5,3100,310.0,6800,170.0,AES256,SHA256,DH14,PFS14
3,ICMP,50,9900,198.0,122,522,54.200817,10,10,10,40,2,4,5,5,3100,310.0,6800,170.0,AES256,SHA256,DH14,PFS14
4,ICMP,50,9900,198.0,122,522,57.033028,10,10,10,40,2,4,5,5,3100,310.0,6800,170.0,AES256,SHA256,DH14,PFS14
1,TCP,264,38712,146.636,122,522,9.204344,8,8,8,256,2,2,4,4,2856,357.0,35856,140.062,AES256,SHA256,DH14,PFS14
2,TCP,253,37178,146.949,122,522,9.369877,8,8,8,245,2,2,4,4,2856,357.0,34322,140.09,AES256,SHA256,DH14,PFS14
3,TCP,254,37284,146.787,122,522,8.822118,8,8,8,246,2,2,4,4,2856,357.0,34428,139.951,AES256,SHA256,DH14,PFS14
4,TCP,250,36748,146.992,122,522,9.051399,8,8,8,242,2,2,4,4,2856,357.0,33892,140.05,AES256,SHA256,DH14,PFS14
1,ICMP,50,10156,203.12,122,650,49.242101,10,10,10,40,2,4,5,5,3356,335.6,6800,170.0,AES256,SHA256,DH14,PFS15
2,ICMP,52,10400,200.0,122,650,61.768533,12,12,12,40,2,6,6,6,3600,300.0,6800,170.0,AES256,SHA256,DH14,PFS15
3,ICMP,50,10156,203.12,122,650,38.282699,10,10,10,40,2,4,5,5,3356,335.6,6800,170.0,AES256,SHA256,DH14,PFS15
4,ICMP,50,10156,203.12,122,650,50.308775,10,10,10,40,2,4,5,5,3356,335.6,6800,170.0,AES256,SHA256,DH14,PFS15
1,TCP,253,37434,147.96,122,650,7.826185,8,8,8,245,2,2,4,4,3112,389.0,34322,140.09,AES256,SHA256,DH14,PFS15
2,TCP,261,38570,147.778,122,650,8.061587,8,8,8,253,2,2,4,4,3112,389.0,35458,140.15,AES256,SHA256,DH14,PFS15
3,TCP,193,29010,150.311,122,650,8.114217,8,8,8,185,2,2,4,4,3112,389.0,25898,139.989,AES256,SHA256,DH14,PFS15
4,TCP,250,36988,147.952,122,650,8.456203,8,8,8,242,2,2,4,4,3112,389.0,33876,139.983,AES256,SHA256,DH14,PFS15
1,ICMP,46,8868,192.783,122,634,45.367172,6,6,6,40,0,2,3,3,2068,344.667,6800,170.0,AES256,SHA256,DH15,NOPFS
2,ICMP,46,8868,192.783,122,634,50.187104,6,6,6,40,0,2,3,3,2068,344.667,6800,170.0,AES256,SHA256,DH15,NOPFS
3,ICMP,44,8528,193.818,122,634,36.010996,6,6,6,38,0,2,3,3,2068,344.667,6460,170.0,AES256,SHA256,DH15,NOPFS
4,ICMP,46,8868,192.783,122,634,30.254069,6,6,6,40,0,2,3,3,2068,344.667,6800,170.0,AES256,SHA256,DH15,NOPFS
1,ICMP,50,10156,203.12,122,634,52.124675,10,10,10,40,2,4,5,5,3356,335.6,6800,170.0,AES256,SHA256,DH15,PFS14
2,ICMP,50,10156,203.12,122,634,46.616625,10,10,10,40,2,4,5,5,3356,335.6,6800,170.0,AES256,SHA256,DH15,PFS14
3,ICMP,50,10156,203.12,122,634,41.611599,10,10,10,40,2,4,5,5,3356,335.6,6800,170.0,AES256,SHA256,DH15,PFS14
1,TCP,255,37710,147.882,122,634,8.819327,8,8,8,247,2,2,4,4,3112,389.0,34598,140.073,AES256,SHA256,DH15,PFS14
2,TCP,252,37264,147.873,122,634,8.45698,8,8,8,244,2,2,4,4,3112,389.0,34152,139.967,AES256,SHA256,DH15,PFS14
3,TCP,249,36850,147.992,122,634,8.326017,8,8,8,241,2,2,4,4,3112,389.0,33738,139.992,AES256,SHA256,DH15,PFS14
4,TCP,256,37816,147.719,122,634,8.593794,8,8,8,248,2,2,4,4,3112,389.0,34704,139.935,AES256,SHA256,DH15,PFS14
1,ICMP,50,10412,208.24,122,650,43.055845,10,10,10,40,2,4,5,5,3612,361.2,6800,170.0,AES256,SHA256,DH15,PFS15
2,ICMP,50,10412,208.24,122,650,46.821265,10,10,10,40,2,4,5,5,3612,361.2,6800,170.0,AES256,SHA256,DH15,PFS15
3,ICMP,52,10656,204.923,122,650,62.064446,12,12,12,40,2,6,6,6,3856,321.333,6800,170.0,AES256,SHA256,DH15,PFS15
4,ICMP,52,10656,204.923,122,650,61.064186,12,12,12,40,2,6,6,6,3856,321.333,6800,170.0,AES256,SHA256,DH15,PFS15
1,ICMP,46,8996,195.565,130,506,57.217412,6,6,6,40,0,2,3,3,1876,312.667,7120,178.0,AES256,SHA384,DH14,NOPFS
2,ICMP,44,8640,196.364,130,506,40.448978,6,6,6,38,0,2,3,3,1876,312.667,6764,178.0,AES256,SHA384,DH14,NOPFS
3,ICMP,46,8996,195.565,130,506,36.140276,6,6,6,40,0,2,3,3,1876,312.667,7120,178.0,AES256,SHA384,DH14,NOPFS
4,ICMP,46,8996,195.565,130,506,48.890347,6,6,6,40,0,2,3,3,1876,312.667,7120,178.0,AES256,SHA384,DH14,NOPFS
1,ICMP,52,10576,203.385,130,530,65.396326,12,12,12,40,2,6,6,6,3456,288.0,7120,178.0,AES256,SHA384,DH14,PFS14
2,ICMP,50,10316,206.32,130,530,54.564533,10,10,10,40,2,4,5,5,3196,319.6,7120,178.0,AES256,SHA384,DH14,PFS14
3,ICMP,50,10316,206.32,130,530,37.25062,10,10,10,40,2,4,5,5,3196,319.6,7120,178.0,AES256,SHA384,DH14,PFS14
4,ICMP,50,10316,206.32,130,530,51.912094,10,10,10,40,2,4,5,5,3196,319.6,7120,178.0,AES256,SHA384,DH14,PFS14
1,TCP,251,38910,155.02,130,530,8.747294,8,8,8,243,2,2,4,4,2936,367.0,35974,148.041,AES256,SHA384,DH14,PFS14
3,TCP,249,38602,155.028,130,530,8.20846,8,8,8,241,2,2,4,4,2936,367.0,35666,147.992,AES256,SHA384,DH14,PFS14
4,TCP,249,38602,155.028,130,530,8.573108,8,8,8,241,2,2,4,4,2936,367.0,35666,147.992,AES256,SHA384,DH14,PFS14
1,ICMP,48,10216,212.833,130,658,45.806762,10,10,10,38,2,4,5,5,3452,345.2,6764,178.0,AES256,SHA384,DH14,PFS15
2,ICMP,52,10832,208.308,130,658,61.022174,12,12,12,40,2,6,6,6,3712,309.333,7120,178.0,AES256,SHA384,DH14,PFS15
3,ICMP,50,10572,211.44,130,658,54.625155,10,10,10,40,2,4,5,5,3452,345.2,7120,178.0,AES256,SHA384,DH14,PFS15
4,ICMP,50,10572,211.44,130,658,56.657722,10,10,10,40,2,4,5,5,3452,345.2,7120,178.0,AES256,SHA384,DH14,PFS15
2,ICMP,44,8992,204.364,178,634,24.743388,4,4,4,40,0,0,2,2,1872,468.0,7120,178.0,AES256,SHA384,DH15,NOPFS
3,ICMP,46,9252,201.13,130,634,30.988549,6,6,6,40,0,2,3,3,2132,355.333,7120,178.0,AES256,SHA384,DH15,NOPFS
4,ICMP,46,9252,201.13,130,634,31.11898,6,6,6,40,0,2,3,3,2132,355.333,7120,178.0,AES256,SHA384,DH15,NOPFS
1,ICMP,50,10572,211.44,130,634,49.04829,10,10,10,40,2,4,5,5,3452,345.2,7120,178.0,AES256,SHA384,DH15,PFS14
2,ICMP,50,10572,211.44,130,634,54.821964,10,10,10,40,2,4,5,5,3452,345.2,7120,178.0,AES256,SHA384,DH15,PFS14
3,ICMP,50,10572,211.44,130,634,35.003347,10,10,10,40,2,4,5,5,3452,345.2,7120,178.0,AES256,SHA384,DH15,PFS14
4,ICMP,48,10216,212.833,130,634,36.775167,10,10,10,38,2,4,5,5,3452,345.2,6764,178.0,AES256,SHA384,DH15,PFS14
1,ICMP,50,10828,216.56,130,658,51.135739,10,10,10,40,2,4,5,5,3708,370.8,7120,178.0,AES256,SHA384,DH15,PFS15
2,ICMP,50,10828,216.56,130,658,40.480044,10,10,10,40,2,4,5,5,3708,370.8,7120,178.0,AES256,SHA384,DH15,PFS15
3,ICMP,50,10828,216.56,130,658,50.852193,10,10,10,40,2,4,5,5,3708,370.8,7120,178.0,AES256,SHA384,DH15,PFS15
4,ICMP,50,10828,216.56,130,658,36.93538,10,10,10,40,2,4,5,5,3708,370.8,7120,178.0,AES256,SHA384,DH15,PFS15
1,TCP,262,41028,156.595,130,658,8.342251,8,8,8,254,2,2,4,4,3448,431.0,37580,147.953,AES256,SHA384,DH15,PFS15
2,TCP,257,40282,156.739,130,658,8.365827,8,8,8,249,2,2,4,4,3448,431.0,36834,147.928,AES256,SHA384,DH15,PFS15
3,TCP,259,40574,156.656,130,658,8.500227,8,8,8,251,2,2,4,4,3448,431.0,37126,147.912,AES256,SHA384,DH15,PFS15
4,TCP,254,39844,156.866,130,658,8.841372,8,8,8,246,2,2,4,4,3448,431.0,36396,147.951,AES256,SHA384,DH15,PFS15
